site,Y,X,m/t
황구지천-2(진위A8),37.300777,126.943926,지
황구지천1,37.230501,126.993504,지
